,antecedents,consequents,antecedent support,consequent support,support,confidence,lift,leverage,conviction,antecedent_len,consequents_len
181,frozenset({'SET/6 RED SPOTTY PAPER PLATES'}),"frozenset({'POSTAGE', 'SET/6 RED SPOTTY PAPER CUPS'})",0.10845986984815618,0.09978308026030369,0.08676789587852494,0.7999999999999999,8.017391304347825,0.07594543598044429,4.50108459869848,1,2
187,frozenset({'SET/6 RED SPOTTY PAPER PLATES'}),"frozenset({'SET/20 RED RETROSPOT PAPER NAPKINS', 'SET/6 RED SPOTTY PAPER CUPS'})",0.10845986984815618,0.08676789587852494,0.08459869848156182,0.7799999999999999,8.9895,0.07518786378757863,4.151055018733976,1,2
127,frozenset({'ALARM CLOCK BAKELIKE RED'}),"frozenset({'POSTAGE', 'ALARM CLOCK BAKELIKE GREEN'})",0.08026030368763558,0.07158351409978309,0.06073752711496746,0.7567567567567567,10.57166257166257,0.05499221253429072,3.8168233309231128,1,2
188,frozenset({'SET/20 RED RETROSPOT PAPER NAPKINS'}),"frozenset({'SET/6 RED SPOTTY PAPER PLATES', 'SET/6 RED SPOTTY PAPER CUPS'})",0.11279826464208242,0.10412147505422993,0.08459869848156182,0.75,7.203125,0.0728539767834708,3.58351409978308,1,2
183,frozenset({'SET/6 RED SPOTTY PAPER CUPS'}),"frozenset({'SET/6 RED SPOTTY PAPER PLATES', 'POSTAGE'})",0.11713665943600868,0.0911062906724512,0.08676789587852494,0.7407407407407407,8.130511463844796,0.07609600933554801,3.5057328788348303,1,2
129,frozenset({'ALARM CLOCK BAKELIKE GREEN'}),"frozenset({'ALARM CLOCK BAKELIKE RED', 'POSTAGE'})",0.0824295010845987,0.0737527114967462,0.06073752711496746,0.7368421052631577,9.990712074303405,0.05465812790265432,3.5197396963123624,1,2
189,frozenset({'SET/6 RED SPOTTY PAPER CUPS'}),"frozenset({'SET/6 RED SPOTTY PAPER PLATES', 'SET/20 RED RETROSPOT PAPER NAPKINS'})",0.11713665943600868,0.08676789587852494,0.08459869848156182,0.7222222222222222,8.323611111111111,0.07443499701205998,3.28763557483731,1,2
133,frozenset({'ALARM CLOCK BAKELIKE RED'}),"frozenset({'POSTAGE', 'ALARM CLOCK BAKELIKE PINK'})",0.08026030368763558,0.07592190889370933,0.05639913232104121,0.7027027027027026,9.255598455598456,0.0503056168566871,3.108262670084795,1,2
